companyId,bossUid,jobName,ext,jobCityList,graduationYear,eduLevel,salaryType,salaryMin,salaryMax,salaryMonth,companyName,scaleTagName,personScales,companyShortName,address
3780,110271,C++软件工程师,"{""infos"":""1、基于物联网、大数据、各种通信技术，车路云一体化、数字化转型相关路侧感知软件、路侧系统软件及平台软件研发；\r\n2、基于鸿蒙平台，ETC2.0及高速公路收费机器人相关嵌入式软件研发。"",""requirements"":""1、本科及以上学历，人工智能、交通工程，电子信息、通信与信息工程、自动化、计算机等专业。\r\n2、具备独立工作能力和解决问题的能力、善于沟通，乐于合作，热衷新技术，善于总结分享，喜欢动手实践。\r\n3、热爱编程，基础扎实，熟悉掌握但不限于C/C++/Java等编程语言，熟练常用的数据结构和算法。"",""jobStrength"":""""}","[""广州"", ""深圳""]",毕业不限,5000,2,10,15,14,深圳市金溢科技股份有限公司,上市,500-999人,深圳市金溢科技股份有限公司,深圳市
4579,102105,c++开发实习生,"{""requirements"":""任职要求:\n1.扎实的计算机基础知识\n2.熟练使用c++，c、java、python等一系列编程能力\n4.执行力好，责任心强。\n有游戏项目开发经验优先"",""infos"":""岗位职责\n1.根据分配的任务计划，进行手游客户端的开发工作。\n2.使用cocos2dx引擎开发游戏，熟悉C++（基于C++开发）\n3.完成公司及上级交代的其它工作任务。""}","[""北京""]",毕业不限,5000,1,500,1000,0,红海无限,不需要融资,100-499人,红海无限,北京
271170,111888,C++软件工程师,"{""requirements"":""【任职要求】 \n1.计算机、电子信息、软件等相关专业，硕士及以上学历； \n2.精通 C/C++，熟悉面向对象设计和常用设计模式； \n3.熟练掌握多线程编程、网络通信（TCP/IP、UDP）、USB 协议及调试方法； \n4.有 SDK 封装与接口性能优化经验； \n5.熟悉 Windows 和 Linux 开发环境，有 ARM64 或 Mac 平台移植经验者优先； \n6.具备 Python、C# 开发经验优先； \n7.具备良好的逻辑思维、团队协作精神及独立分析、解决问题的能力。 "",""infos"":""【薪资结构】\n月薪+年终奖+项目奖金（1-8w）\n\n\n【岗位职责】 \n1.负责编写定位仪软件界面，根据软件设计原型，用 C++ & QT 编写软件界面； \n2.熟悉多线程调度，性能调试，与下位机调试功能，熟悉以太网、USB 等通信操作； \n3.封装 SDK 工具包，设计并实现高效的函数接口，并能自主完成单元测试； \n4.支持多平台（Windows/Linux）、多架构（x86/ARM64/Mac）及多语言（Python/C# 等）环境的开发和维护； \n5.独立或协同推进项目实施，保证项目按时交付。 ""}","[""广州""]",毕业不限,0,2,20,30,12,艾目易,未融资,20-99人,艾目易,广州市
1093,67927,C++开发工程师（杭州）,"{""infos"":""1、负责云计算相关产品（云电脑/云游戏/云系统/云存储等）、网络安全、网吧管理类软件的相关代码实现；\n2、参与设计开发稳定、高性能的程序，对项目中的技术难点进行研究和突破；\n3、持续优化产品，让产品具有技术领先性。"",""requirements"":""1、计算机/数学相关专业，专业成绩突出；\n2、熟悉Linux/Windows C++开发与调试，熟悉C++11；\n3、熟悉多线程编程，网络编程，熟悉TCP/IP协议；\n4、对游戏前沿技术应用抱有热情，有梦想有追求，能快速学习；\n5、积极主动，逻辑思维较好，善于分析及沟通，较强的责任心及团队合作精神。"",""jobStrength"":""""}","[""杭州""]",毕业不限,5000,2,13,18,14,顺网科技,上市,1000-9999人,顺网科技,杭州市
768,12554,【2026】C++游戏开发工程师,"{""infos"":""1、进行手游开发，与项目组策划、美术等同事深入沟通，准确实现开发需求；\n\n2、参与研究行业前沿的游戏引擎，研究各种游戏类型酷炫的表现效果；也有机会参与服务器架构、性能优化等。"",""requirements"":""1、本科及以上学历，26届计算机、软件等相关专业；\n2、计算机基础扎实，熟练掌握C++，对算法和数据结构、网络通讯有很好的掌握和理解，熟悉常用设计模式；\n3、具备较强的分析和解决问题的能力，积极上进，沟通良好，有责任心，具有良好的团队合作精神。"",""jobStrength"":null,""topSchool"":null}","[""广州""]",毕业不限,5000,1,200,400,0,4399游戏,不需要融资,1000-9999人,4399游戏,广州市
665,943,【字节急招】【转正机会】C++开发工程师-剪映,"{""requirements"":""\n1、优秀的编码习惯，对于设计模式等常见的编码技巧有很好的认知；\n2、有较强的技术好奇心、自驱力，具备优秀的解决问题和逻辑思维能力；\n3、能实习三个月以上。\n4、27届应届生优先"",""infos"":""\n1、负责剪映图片编辑方向，包含剪映、醒图等产品图片编辑创作与消费场景的研发工作；\n2、负责图像方向的业务需求开发、项目重点技术攻坚任务，产品迭代优化工作；\n3、共同建设剪映图像创作工具、视频&图像融合编辑、抖音图文生态，打造行业领先的视频和图像创作平台。\n""}","[""广州""]",毕业不限,5000,1,300,500,0,字节跳动,D轮及以上,10000人以上,字节跳动,北京市
1245,110876,C++,"{""requirements"":""任职资格：\n1、本科及以上学历，计算机、电子信息等相关专业；\n2、熟悉常用数据结构、算法及其 C/C++实现；\n3、熟悉面向对象的分析、设计和编码实现，熟悉 OOD 思想、原则、工具、方法；\n4、熟悉 windows\\linux 开发环境，熟悉多线程及网络编程；\n5、熟悉界面（qt）开发，熟悉信号槽，model/view，界面常用布局，树，表，\n图，自定义控件等优先。"",""infos"":""岗位职责：\n方向一：\n负责实现 IPC 产品上业务和应用软件的开发，维护。\n任职资格：\n1、本科及以上学历，计算机相关专业；\n2、熟悉 C/C++开发语言，精通多进程，多线程技术，在 linux 环境进行软件开\n发；\n3、熟悉 Linux/RTOS 环境下的开发和调试，熟练掌握嵌入式 linux 上调试手段和\n工具。\n方向二：\n负责视频监控存储产品嵌入式应用软件设计和开发工作。\n任职资格：\n1、本科及以上学历，计算机、电子信息类相关专业；\n2、熟练掌握 C/C++语言，熟悉常用数据结构、算法及其 C/C++实现，具备良好的\n编程风格；\n3、熟悉 Linux 操作系统，熟悉多线程编程，熟悉 TCP/IP 协议及常用网络协议。\n方向三：\n负责视频监控平台客户端/服务器软件设计、开发。\n任职资格：\n1、本科及以上学历，计算机、电子信息等相关专业；\n2、熟练掌握 C/C++语言开发，熟悉常用数据结构、算法及其 C/C++实现；\n3、熟悉面向对象设计、开发的思想、原则，熟悉常用设计模式；\n4、熟悉进程间通信、多线程，熟悉 TCP/IP 协议及 socket 网络编程。\n方向四：\n负责监控平台产品软件的模块功能开发及平台产品配套 SDK 开发。\n""}","[""武汉""]",毕业不限,0,2,18,28,12,同为股份,上市,500-999人,同为股份,深圳
896,33880,音视频开发实习生（C/C++）,"{""infos"":""岗位职责：\n\n1、参与项目开发，负责终端设备音视频相关的开发与优化工作；\n\n2、负责VOIP终端设备的音视频引擎的架构设计、开发及优化工作；\n\n3、负责VOIP终端设备的音视频编解码算法的移植、优化及调试工作；\n\n4、参与VOIP终端设备的音视频图像处理算法的设计、开发及优化工作。\n\n"",""requirements"":""任职要求：\n\n1、本科及以上学历，计算机、通信或相关专业；23届毕业生；\n\n2、熟悉C/C++，有音视频处理引擎及编解码开发和优化经验；\n\n3、熟悉Android、iOS、Windows、Linux等一种或多种系统的音视频方案，系统相关的音视频框架及API；\n\n4、有音视频引擎的实际开发经验，掌握采集、渲染、编解码、音视频处理、Qos等技术优先；\n\n5、熟悉常见的音视频编解码技术，如H264、H265、G711、G722、G729、OPUS，熟悉RTP、RTSP、RTMP等传输协议；\n\n6、有Android、嵌入式Linux等各端音视频优化经验优先考虑；\n\n7、熟悉WebRTC音视频处理算法模块的优先考虑。"",""jobStrength"":null,""topSchool"":[""南京大学"",""华中科技大学""]}","[""杭州""]",毕业不限,5000,1,250,300,0,网易有道,上市,10000人以上,网易有道,南昌，重庆，昆明，北京，上海，东莞
1511,110325,C++,"{""infos"":""必备\n\n语言/平台：Java/Kotlin（Android）、C++（Native/NDK）；Android Automotive / AOSP 定制基础\n\n车载通信：CAN/LIN/UDS，Diagnostics（ISO 14229/15765），以太网(DoIP) 基本操作\n\n多媒体/相机：Camera HAL、GStreamer/MediaCodec、OpenCV 基础\n\n地图/定位：GNSS、地图 SDK（高德/百度/Here 等）\n\n调试工具：adb、perf/systrace、can-utils、Wireshark（DoIP/CAN）"",""requirements"":""必备\n\n语言/平台：Java/Kotlin（Android）、C++（Native/NDK）；Android Automotive / AOSP 定制基础\n\n车载通信：CAN/LIN/UDS，Diagnostics（ISO 14229/15765），以太网(DoIP) 基本操作\n\n多媒体/相机：Camera HAL、GStreamer/MediaCodec、OpenCV 基础\n\n地图/定位：GNSS、地图 SDK（高德/百度/Here 等）\n\n调试工具：adb、perf/systrace、can-utils、Wireshark（DoIP/CAN）""}","[""成都""]",毕业不限,6000,2,0,9999999,0,鼎桥通信,不需要融资,1000-9999人,鼎桥通信,北京，上海，成都
272203,101568,C++开发工程师（实习）,"{""requirements"":""1.本科及以上学历；\n2.熟悉C++编程语言，具备扎实的编程基础；\n3.具有良好的算法和数据结构基础；\n4.熟练使用常见的开发工具，如VS、Eclipse等；\n5.具备较强的沟通协调能力和团队合作精神；"",""infos"":""1.设计、开发和维护高质量的C++应用程序;\n2.参与完成相关文档撰写工作；\n3.负责软件系统的性能优化和调试；\n4.参与项目需求分析和技术选型。""}","[""广州""]",毕业不限,5000,1,200,500,0,墨泊可士,不需要融资,100-499人,墨泊可士,上海市
134,60839,C++,"{""requirements"":""\n1、本科及以上学历，计算机、软件、通信等专业优先；\n2、了解计算机原理、数据结构、设计模式、网络编程、多线程、UI 框架等基本应用开发知识；\n3、熟悉至少一门终端技术相关语言（如JavaScript、Java/Kotlin、Swift/Objective-C、C/C++等）；\n4、具备独立工作能力和解决问题的能力，善于沟通，乐于合作，善于总结分享。"",""infos"":""我们是淘天集团-业务技术-营销&交易技术-交易前端技术团队，负责手淘APP交易域（购物车、下单、订单、物流等）核心链路的业务研发和基础能力建设。\n作为一支在终端技术方面不断探索、创新的团队，我们希望通过对端到端技术架构的改进与优化为消费者提供一个更加简洁、高效的购物环境，打造最极致的用户体验。期待你的加入！""}","[""杭州""]",毕业不限,5000,1,0,9999999,0,阿里巴巴集团,天使轮,1000-9999人,阿里巴巴集团,杭州市
239,110839,C++,"{""requirements"":""11111111111"",""infos"":""1111111111""}","[""九龙""]",毕业不限,0,2,20,30,14,华为,不需要融资,10000人以上,华为,深圳
153060,104265,C++开发实习生-苏州,"{""requirements"":""1. 计算机科学、软件工程等相关专业本科及以上学历\n2. 熟练掌握C++，具备高效、安全、可扩展的编程能力\n3. 熟悉数据结构与算法，拥有ICPC/CCPC等竞赛经历与奖项者优先\n4. 拥有良好的学习能力、团队合作精神和责任心\n5. 具有仿真软件的使用或开发经历者优先"",""infos"":""1. 协助团队进行C++仿真平台的开发和迭代，确保代码高效、稳定、可维护\n2. 参与系统测试及问题定位，确保系统功能正常\n3. 解决开发过程中的技术难题，提升开发效率与产品质量""}","[""苏州""]",毕业不限,0,1,200,300,0,足下科技,A轮,20-99人,足下科技,"深圳,苏州"
1245,53498,C/C++开发工程师,"{""requirements"":""方向一-任职资格：\n1、本科及以上学历，计算机相关专业；\n2、熟悉 C/C++开发语言，精通多进程，多线程技术，在 linux 环境进行软件开\n发；\n3、熟悉 Linux/RTOS 环境下的开发和调试，熟练掌握嵌入式 linux 上调试手段和\n工具。\n方向二-任职资格：\n1、本科及以上学历，计算机、电子信息类相关专业；\n2、熟练掌握 C/C++语言，熟悉常用数据结构、算法及其 C/C++实现，具备良好的\n编程风格；\n3、熟悉 Linux 操作系统，熟悉多线程编程，熟悉 TCP/IP 协议及常用网络协议。\n方向三-任职资格：\n1、本科及以上学历，计算机、电子信息等相关专业；\n2、熟练掌握 C/C++语言开发，熟悉常用数据结构、算法及其 C/C++实现；\n3、熟悉面向对象设计、开发的思想、原则，熟悉常用设计模式；\n4、熟悉进程间通信、多线程，熟悉 TCP/IP 协议及 socket 网络编程。\n方向四-任职资格：\n1、本科及以上学历，计算机、电子信息等相关专业；\n2、熟悉常用数据结构、算法及其 C/C++实现；\n3、熟悉面向对象的分析、设计和编码实现，熟悉 OOD 思想、原则、工具、方法；\n4、熟悉 windows\\linux 开发环境，熟悉多线程及网络编程；5、熟悉界面（qt）开发，熟悉信号槽，model/view，界面常用布局，树，表，\n图，自定义控件等优先。"",""infos"":""方向一：负责实现 IPC 产品上业务和应用软件的开发，维护。\n方向二：负责视频监控存储产品嵌入式应用软件设计和开发工作。\n方向三：负责视频监控平台客户端/服务器软件设计、开发。\n方向四：负责监控平台产品软件的模块功能开发及平台产品配套 SDK 开发。\n""}","[""深圳""]",2026届,5000,2,22,35,12,同为股份,上市,500-999人,同为股份,深圳
3045,7905,C++后端开发实习生,"{""requirements"":""岗位要求：\n1. 本科及以上学历优先，计算机、软件工程或相关专业；\n2. 深入理解操作系统的文件管理、内存管理、进程/线程机制、网络协议等，能利用系统工具诊断死锁和内存泄漏等问题、分析性能瓶颈；\n3. 具备扎实的数据结构和算法基础：对排序、哈希、树、队列等基础的数据结构和算法有深入的理解，能根据特定的应用场景进行改造和优化；\n4. 熟悉C++编程，有模板、STL、多线程、网络编程方面的经验，熟悉Linux环境下的C++编译、链接和调试；\n5. 熟练阅读英文计算机文献和技术文档；\n6. 强烈的上进心和求知欲，优秀的发现问题、分析问题和解决问题的能力，热衷于追求技术极致与创新；\n7. 对数据库存储引擎、计算机编译原理和分布式计算中的一项或多项有经验者优先考虑。\n \n加分项：\n学习过MIT 6.824， 6.828/6.S081，CMU 15-445/15-721等相关课程。"",""infos"":""岗位职责：\n1. 分布式数据库和计算框架的设计、开发和性能优化；\n2. 存储引擎和分布式机器学习算法的实现；\n3. 工业大数据、金融大数据等领域的行业算法开发；""}","[""杭州""]",毕业不限,5000,1,250,320,0,智臾科技,B轮,100-499人,智臾科技,杭州
942,111518,C++,"{""requirements"":""1. 本科及以上学历，计算机及相关专业，熟悉C++客户端开发工作；\n2. 扎实的计算机专业功底，较好掌握基本的数据结构和算法；\n3. 理解操作系统的内存管理、文件系统、进程线程调度；\n4. 至少熟悉一种界面框架实现机制，有一定的网络编程经验;\n5. 具备良好的设计能力与编码习惯，有技术热情；\n6. 参与开源项目、有ACM大赛经历或AI实践经验的同学优先。\n7. 有意向者，可投递 aHR0cHM6Ly9jYW1wdXMuMTBqcWthLmNvbS5jbi9qb2IvZGV0YWlsP2lkPTM2Nw=="",""infos"":""1. 负责部门客户端产品（Windows/MAC/国产）的开发和维护工作；\n2. 对现有客户端模块进行重构和优化；\n3. 参与AIGC项目开发，提高团队研发效率；\n4. 参与新技术、工具的预研和应用工作。""}","[""杭州""]",毕业不限,5000,1,200,300,0,同花顺,上市,1000-9999人,同花顺,杭州市
274082,102213,c/C++实习生,"{""requirements"":""1.掌握Windows 或 Linux环境下C/C++编程语言。\n2.熟悉TCP/IP、UDP等网络协议及基本网络知识。\n3.熟练QT开发技术。\n4.熟悉多线程、文件IO、Socket通信等服务程序开发。\n"",""infos"":""工作职责:\n1.基于C/C++的信息安全产品设计、开发。\n2.参与系统的整体设计，产品模块的技术开发。\n3.编写技术文档。""}","[""深圳""]",毕业不限,5000,1,150,200,0,深密信安,未融资,20-99人,深密信安,深圳市
272203,101568,C++开发工程师（实习）,"{""requirements"":""1.本科及以上学历；\n2.熟悉C++编程语言，具备扎实的编程基础；\n3.具有良好的算法和数据结构基础；\n4.熟练使用常见的开发工具，如VS、Eclipse等；\n5.具备较强的沟通协调能力和团队合作精神；"",""infos"":""1.设计、开发和维护高质量的C++应用程序;\n2.参与完成相关文档撰写工作；\n3.负责软件系统的性能优化和调试；\n4.参与项目需求分析和技术选型。""}","[""杭州""]",毕业不限,5000,1,200,500,0,墨泊可士,不需要融资,100-499人,墨泊可士,上海市
293219,107560,C++开发工程师,"{""requirements"":""1、国内外高校计算机科学与技术专业；\n2、扎实的计算机基础知识，包括计算机网络、数据结构、算法和数据库等；\n3、深入理解计算机体系结构、操作系统、编译原理等；\n4、熟练掌握C++和至少一种其他编程语言；\n5、熟悉常用的项目管理工具git，熟悉Linux系统及常见命令，有良好的开发规范和工程习惯；\n6、热爱技术有很强的内驱力，良好的工程能力与团队协作精神。\n7、实习3个月以上可优先考虑，暑期实习和日常实习皆有开放。"",""infos"":""岗位内容：\n1、负责高性能、低延迟交易软件的开发设计、性能测试以及性能优化；\n2、负责算法系统的迭代和测试（集成测试和系统测试）开发，参与算法系统产品规划，持续优化产品体验和性能；\n3、参与制定标准规范，流程改进及工具建设，为技术选型及技术改进提供解决方案。""}","[""杭州""]",毕业不限,5000,1,300,500,0,杭州蔷薇科技有限责任公司,未融资,20-99人,杭州蔷薇科技有限责任公司,杭州市
294607,108546,C++实习生,"{""requirements"":""任职要求：\n1. 熟练使用现代C++语言，最好有Go、Rust使用经验\n2. 有扎实的计算机基础知识，对网络通信、内存处理、锁等基础知识有清晰准确的认知\n3. 熟悉机器人关键组件基本概念，如各传感器作用及通信方式、导航系统基本原理等\n4. 熟悉常用软件设计模式，可以根据需求设计合理的架构\n5. 具备良好的逻辑思维能力与理解能力，能够高效地理解需求及分析问题\n\n加分项：\n1. 参加过知名机器人赛项，如：RoboMaster、Robocon等\n2. 有图形渲染项目经验\n3. 有底盘运动控制开发经验"",""infos"":""【实习生提供转正就业机会】\n\n岗位职责：\n商用服务类机器人本体软件开发，主要包括：\n   - 根据需求选择合理的技术方案并设计高可用、灵活扩展的架构\n   - 接入供应商组件及各种传感器，完成机器人本体功能开发\n   - 配合测试及产品持续对机器人进行优化迭代\n   - 对需要用到的新技术进行预研\n\n\n\n""}","[""深圳""]",毕业不限,5000,1,400,450,0,一品,未融资,暂无,一品,深圳市
732,91983,c++开发工程师,"{""requirements"":""任职要求\n1. 26届应届毕业生，本科及以上学历，喜爱计算机以及互联网技术；\n2. 扎实的数据结构和算法能力，熟悉常用的数据库技术；\n3. 精通至少一种开发语言，并能熟练应用解决具体问题；\n4. 有较强的学习能力，有强烈的责任心和自我驱动力；\n5. 能及时关注并学习业界最新技术，具备良好的沟通能力和团队合作精神。"",""infos"":""26校招！！！\n26校招！！！\n26校招！！！\n岗位职责\n1. 负责出海电商基础和业务的架构设计和研发工作，解决各类有技术挑战的问题，为产品和业务的发展提供最强有力的技术支撑；\n2. 按照软件开发流程，根据产品和项目计划，完成所负责模块的架构设计、编码、测试和文档编写的全流程工作；\n3. 持续优化系统架构，提高系统在高并发、高流量和分布式环境下的容灾容错能力，保证系统的高可用性、高可靠性和高扩展性；\n4. 承担新技术预研和方案选型，参与关键技术点的攻坚工作，帮助团队内的技术推广。""}","[""上海""]",毕业不限,5000,1,600,1000,0,拼多多集团-PDD,上市,1000-9999人,拼多多集团-PDD,上海
21910,111546,C++,"{""infos"":""职责内容：\n1、参与机器人调度算法软件的开发（设计、编码、测试等）;\n2、负责维护现有软件的调试、优化和技术支持工作;\n3、负责所参与开发软件的（中文/英文）文档编写工作;\n4、提供软件交付后的技术支持工作。\n\n岗位要求:\n1、硕士及以上学历，有过软件开发工作经验；\n2、熟悉掌握C++语言开发;\n3、熟悉OOP、设计模式、版本管理、测试驱动开发，熟悉大型软件构建、协作、测试、发布流程;\n4、具备良好的数据结构和算法理论基础，理解算法复杂度、搜索、动态规划等概念。"",""requirements"":""\n任职要求\n1、硕士及以上学历，熟悉掌握C++语言开发，2年以上开发工作经验（研究生阶段参与实际项目经验亦可）；\n2、具备良好的调度和路径规划算法理论基础，熟悉A*、Dijkstra、动态规划等算法\n3、熟悉OOP、设计模式、版本管理，熟悉软件构建、协作、测试、发布流程。""}","[""深圳"", ""苏州""]",2025届,6000,2,20,22,12,未来机器人（深圳）有限公司,A轮,500-999人,未来机器人（深圳）有限公司,深圳
245760,110704,C++,"{""requirements"":""1. 本科及以上学历，计算机、软件工程等相关专业；\n2. 熟练使用C/C++/golang等编程语言，有多进程、线程和异步编程经验，算法与数据结构知识扎实；\n3. 熟悉大型分布式系统原理，有juicefs，ceph等开发经验者优先；\n4. 熟悉对象存储、文件存储的工作原理，有海量小文件、性能优化经验；\n5. 熟悉高性能编程，有SPDK，DPDK，RDMA等用户态协议栈开发经验者优先。"",""infos"":""1. 负责辅助驾驶行业存储系统设计，解决辅助驾驶领域百亿小文件存储问题；\n2. 负责文件/对象存储服务的功能开发、性能优化、稳定性维护；\n3. 负责自建存储、商业化存储等服务管理、运营；\n4. 负责PB 级存储服务的开发运维，负责辅助驾驶场景海量吞吐、高IOPS等场景的性能优化，负责负载均衡的优化等；\n5. 负责存储技术的研究和开发，引导存储团队的技术发展趋势，推动团队和公司在辅助驾驶存储领域的创新和发展。""}","[""深圳""]",毕业不限,0,2,0,9999999,12,卓驭,未融资,1000-9999人,卓驭,深圳市、上海市
272203,101568,C++开发工程师（实习）,"{""requirements"":""1.本科及以上学历；\n2.熟悉C++编程语言，具备扎实的编程基础；\n3.具有良好的算法和数据结构基础；\n4.熟练使用常见的开发工具，如VS、Eclipse等；\n5.具备较强的沟通协调能力和团队合作精神；"",""infos"":""1.设计、开发和维护高质量的C++应用程序;\n2.参与完成相关文档撰写工作；\n3.负责软件系统的性能优化和调试；\n4.参与项目需求分析和技术选型。""}","[""西安""]",毕业不限,5000,1,200,500,0,墨泊可士,不需要融资,100-499人,墨泊可士,上海市
139,99669,C++/算法直招,"{""requirements"":""任职要求：\n\n1. 本科及以上学历，计算机、数学、统计学或相关专业；\n\n2. 代码能力或机器算法能力突出。\n\n3. 具备良好的数据分析和解决问题的能力；\n\n4. 具备良好的沟通和团队合作能力；\n\n实习优秀同学可直接转正"",""infos"":""百度实习生直招（工程/算法皆可）\n百度联盟广告工程/算法组内直招，组内团队氛围好&amp;amp;技术挑战大（网盟市场日均3亿的收入）\n\n工作职责：\n\n1. 设计并优化公司联盟业务广告机制，以提高广告投放效果和用户体验；\n\n2. 制定并执行机器学习算法在广告机制中的应用策略，包括但不限于推荐系统、广告定向、竞价排名等；\n\n3. 负责与产品、运营、技术等团队紧密合作，推动广告机制的迭代和优化；\n\n4. 研究和引入新的机器学习技术和工具，以提升广告的效率和准确性。\n\n""}","[""北京""]",毕业不限,0,1,200,250,0,百度,上市,10000人以上,百度,北京
290340,111912,C++,"{""requirements"":""26年毕业生 本科或是硕士"",""infos"":""AI 算法 大模型方向 训练 推理""}","[""南京""]",毕业不限,5000,2,13,23,16,华为南京研究所,未融资,10000人以上,华为南京研究所,南京市
12718,8693,C++,"{""infos"":""1、负责高性能、低延迟交易软件的开发设计、性能测试以及性能优化；\n2、负责相关产品的日常运维，参与产品规划，持续优化产品体验及性能；\n3、参与制定标准规范，流程改进及工具建设，为技术选型及技术改进提供解决方案。"",""requirements"":""1、国内外重点高校计算机科学与技术专业；\n2、扎实的计算机基础知识，包括计算机网络、数据结构、算法和数据库等；\n3、深入理解计算机体系结构、操作系统、编译原理等；\n4、熟练掌握C++和至少一种其他编程语言；\n5、熟悉常用的项目管理工具git，熟悉Linux系统及常见命令，有良好的开发规范和工程习惯；\n6、热爱技术有很强的内驱力，良好的工程能力与团队协作精神。\n7、每周线下实习三天及以上，实习期3个月以上优先考虑，实习表现优异可提前获得全职offer。\n加分项：获得NOI/IOI、ACM、Code Jam、ASC/ISC/SC等竞赛优异成绩；对知名开源项目有贡献；熟悉开源机器学习平台、分布式存储、云原生系统等底层相关开发经验；有交易所核心开发岗工作经验者优先""}","[""杭州""]",毕业不限,0,1,500,1000,0,希格斯投资,不需要融资,20-99人,希格斯投资,杭州
931,2807,C++开发工程师,"{""requirements"":""1. 良好的计算机专业基础，熟练掌握数据结构、算法、操作系统等基础知识；\n2. 优秀的编程能力，熟练使用C/C++；\n3. 良好的团队协作能力，有技术激情，能够胜任有挑战的工作；\n4. 有分布式系统、数据库或者其它底层系统研发经验优先；"",""infos"":""OceanBase 始创于 2010 年，是完全自主研发的企业级原生分布式数据库。2020年 OceanBase 成立北京奥星贝斯科技有限公司并开始独立商业化运作，目前是分布式数据库的领军企业之一。致力于为企业提供一站式的数据管理解决方案和服务，为企业核心系统提供稳定可靠的数据底座。\nOceanBase 完全自主研发，已连续 9 年稳定支撑双 11，创新推出“三地五中心”城市级容灾新标准，是全球唯一在 TPC-C 和 TPC-H 测试上都刷新了世界纪录的国产原生分布式数据库。产品采用自研的一体化架构，兼顾分布式架构的扩展性与集中式架构的性能优势，用一套引擎同时支持 TP 和 AP 的混合负载，具有数据强一致、高可用、高性能、在线扩展、高度兼容 SQL 标准和主流关系数据库、对应用透明，高性价比等特点，已助力金融、政府、运营商、零售、互联网等多个行业的客户实现核心系统升级。""}","[""杭州""]",毕业不限,5000,1,400,410,0,蚂蚁集团,D轮及以上,10000人以上,蚂蚁集团,杭州、上海、北京、深圳、重庆、新加坡等
239,106457,C++,"{""requirements"":""岗位要求\n1.计算机、软件、自动化等相关专业本科及以上学历。熟悉掌握C/C++/C#/py/java/go等至少一门语言，熟悉常见的数据结构及基础算法等基础计算机知识；\n2.若从事算法。需具有框架的一定使用经验，例如PyTorch、Tensorflow等框架；\n3. 对软件开发生命周期有深入理解，能够使用主流的开发工具；\n4. 具备良好的分析和问题解决能力，能独立处理软件开发中的挑战；\n5. 优秀的团队合作精神和沟通能力，能够在压力下保持高效工作。"",""infos"":""岗位要求：通软开发工程师 & 算法工程师\n1.计算机、软件、自动化等相关专业本科及以上学历。熟悉掌握C/C++/C#/py/java/go等至少一门语言，熟悉常见的数据结构及基础算法等基础计算机知识；\n2.若从事算法。需具有框架的一定使用经验，例如PyTorch、Tensorflow等框架；\n3. 对软件开发生命周期有深入理解，能够使用主流的开发工具；\n4. 具备良好的分析和问题解决能力，能独立处理软件开发中的挑战；\n5. 优秀的团队合作精神和沟通能力，能够在压力下保持高效工作。""}","[""上海"", ""杭州""]",毕业不限,5000,1,200,300,0,华为,不需要融资,10000人以上,华为,深圳
735,20657,C++开发工程师,"{""requirements"":""1、重点院校本科及以上学历，计算机、通信、信息工程等相关专业，或对计算机有浓厚兴趣及特长的其他专业；\n2、具备扎实的C/C++编程基础和良好的编码习惯，熟悉计算机数据结构及常见算法分析，掌握常用的设计模式；\n3、思路清晰，思维敏捷，拥有快速的学习能力，善于与他人沟通协作，有强烈的上进心和求知欲；\n此岗位为科大讯飞集团统一招聘岗位，人员通过简历筛选、笔试、初试、复试、终审等环节后录用。"",""infos"":""1、 按照项目业务需求，完成相关产品技术架构、功能的设计和研发；\n2、 遵循公司开发规范和标准，完成相应模块的代码编写工作；\n3、 跟进开发流程，及时发现并解决产品实现过程中的技术问题，推动产品迭代优化与新功能研发。\n******岗位只针对26届哈，25届算社招就不用投递了******""}","[""武汉"", ""合肥""]",2026届,5000,2,0,9999999,12,科大讯飞,上市,10000人以上,科大讯飞,合肥
272203,101568,C++开发工程师（实习）,"{""requirements"":""1.本科及以上学历；\n2.熟悉C++编程语言，具备扎实的编程基础；\n3.具有良好的算法和数据结构基础；\n4.熟练使用常见的开发工具，如VS、Eclipse等；\n5.具备较强的沟通协调能力和团队合作精神；"",""infos"":""1.设计、开发和维护高质量的C++应用程序;\n2.参与完成相关文档撰写工作；\n3.负责软件系统的性能优化和调试；\n4.参与项目需求分析和技术选型。""}","[""深圳""]",毕业不限,5000,1,200,500,0,墨泊可士,不需要融资,100-499人,墨泊可士,上海市
154144,111997,C++,"{""requirements"":""1. 熟悉C/C++语言的常用特性；\n2. 熟悉Linux操作系统；\n3. 有常用的编译、构建系统的使用经验优先；\n4. 使用过git版本控制系统优先；\n5. 有开源项目的构建、使用经验优先；\n6.每周实习3天以上，可以长期实习半年左右\n\n公司坐标：清华东门\n\n福利待遇：\n● 清华学习资源\n● 团队年轻有活力\n● 零食点心下午茶\n● 实习薪资+实习证明"",""infos"":""学习掌握公司自研产品，协助应用方向测试研发""}","[""北京""]",毕业不限,0,1,180,200,0,水木羽林,天使轮,20-99人,水木羽林,北京
290340,112135,C++,"{""requirements"":""【岗位职责】\n在这里，你将从事IT应用层软件、分布式云化软件、互联网软件等的设计开发，可以采用敏捷、Devops、开源等先进的软件设计开发模式，接触最前沿的产品和软件技术，成为大容量高并发技术的专家；你将参与华为产品的软件研发工作，包括但不限于：\n（1）完成从客户需求到软件产品定义、架构设计、开发实现、再到上线运营维护等产品生命周期中的各个环节；\n（2）创造性解决产品在实现过程中的技术难题，应用前沿技术提升产品的核心竞争力，如分布式系统、性能调优、可靠性、数据库等；\n（3）有机会参与业界前沿技术研究和规划，参与开源社区运作，与全球专家一起工作、交流，构建华为在业界影响力。\n【岗位要求】\n1、计算机、软件、通信等相关专业本科及以上学历；\n2、热爱编程，基础扎实，熟悉掌握但不限于JAVA/C++/C/Python/JS/HTML/GO等编程语言中的一种或数种，有良好的编程习惯；\n3、具备独立工作能力和解决问题的能力、善于沟通，乐于合作，热衷新技术，善于总结分享，喜欢动手实践；\n4、对数据结构、算法有一定了解。"",""infos"":""【岗位职责】\n在这里，你将从事IT应用层软件、分布式云化软件、互联网软件等的设计开发，可以采用敏捷、Devops、开源等先进的软件设计开发模式，接触最前沿的产品和软件技术，成为大容量高并发技术的专家；你将参与华为产品的软件研发工作，包括但不限于：\n（1）完成从客户需求到软件产品定义、架构设计、开发实现、再到上线运营维护等产品生命周期中的各个环节；\n（2）创造性解决产品在实现过程中的技术难题，应用前沿技术提升产品的核心竞争力，如分布式系统、性能调优、可靠性、数据库等；\n（3）有机会参与业界前沿技术研究和规划，参与开源社区运作，与全球专家一起工作、交流，构建华为在业界影响力。\n【岗位要求】\n1、计算机、软件、通信等相关专业本科及以上学历；\n2、热爱编程，基础扎实，熟悉掌握但不限于JAVA/C++/C/Python/JS/HTML/GO等编程语言中的一种或数种，有良好的编程习惯；\n3、具备独立工作能力和解决问题的能力、善于沟通，乐于合作，热衷新技术，善于总结分享，喜欢动手实践；\n4、对数据结构、算法有一定了解。""}","[""贵阳""]",毕业不限,0,2,20,30,16,华为南京研究所,未融资,10000人以上,华为南京研究所,南京市
1179,112005,C++开发工程师（2026）,"{""requirements"":""任职要求：\n1、熟练掌握C、C++语言基础特性、常用类库，理解面向对象编程思想，了解常见的设计模式。\n2、数据结构与算法基础良好，计算机网络、操作系统等基础知识扎实，了解多线程、网络编程及内存管理机制。\n3、有实际项目经验（如课程设计、个人项目、开源项目贡献、实习经历等）。\n4、有强求知欲、快学习能力与挑战意愿，且善沟通协作、有责任心、能优解问题。"",""infos"":""岗位职责：\n1、参与公司核心业务比赛系统的需求分析、模块设计和编码实现。\n2、编写高效、稳定、可维护的C++代码。\n3、与团队合作进行代码审查、测试和调试，确保产品质量。\n4、学习和研究新技术，并将其应用于项目以提升系统性能和开发效率。\n5、撰写相关的技术文档。\n""}","[""北京""]",毕业不限,5000,2,18,20,14,竞技世界,不需要融资,1000-9999人,竞技世界,北京 成都
9173,109060,C++,"{""requirements"":""1. 计算机/软件相关专业本科以上学历；\n2. 三年以上Linux驱动或者内核开发经验；\n3. 熟练掌握Linux系统性能调优及Linux服务管理；\n4. 对内核通用模块有深入了解，能熟练使用Linux下各种调试工具快速定位问题；\n5. 熟练应用kexec、crash、kprobe等内核调试工具；\n6. 熟悉嵌入式设备Linux内核适配优先；\n7. 熟悉Linux内核开源社区发展，参与过内核方向社区开发优先；"",""jobStrength"":"""",""infos"":""1. 负责Linux内核性能的评估、设计、实现和验证工作；\n2. 负责分析内核panic、死锁、内存踩踏/溢出，core hang和bus hang等疑难问题；\n3. 负责内核CVE等补丁的回合和新特性移植；\n4. 负责内核驱动开发和单元测试工作；\n5. 负责完成内核开发的技术文档设计和输出。""}","[""长沙""]",毕业不限,0,2,15,30,12,麒麟信安,上市,500-999人,麒麟信安,长沙市
942,39634,C++,"{""requirements"":""1. 本科及以上学历，计算机及相关专业，熟悉C++客户端开发工作；\n2. 扎实的计算机专业功底，较好掌握基本的数据结构和算法；\n3. 理解操作系统的内存管理、文件系统、进程线程调度；\n4. 至少熟悉一种界面框架实现机制，有一定的网络编程经验;\n5. 具备良好的设计能力与编码习惯，有技术热情；\n6. 参与开源项目、有ACM大赛经历或AI实践经验的同学优先。\n7. 有意向者，可投递 aHR0cHM6Ly9jYW1wdXMuMTBqcWthLmNvbS5jbi9qb2IvZGV0YWlsP2lkPTM2Nw=="",""infos"":""1. 负责部门客户端产品（Windows/MAC/国产）的开发和维护工作；\n2. 对现有客户端模块进行重构和优化；\n3. 参与AIGC项目开发，提高团队研发效率；\n4. 参与新技术、工具的预研和应用工作。\n""}","[""杭州""]",毕业不限,5000,1,200,300,0,同花顺,上市,1000-9999人,同花顺,杭州市
272203,101568,C++开发工程师（实习）,"{""requirements"":""1.本科及以上学历；\n2.熟悉C++编程语言，具备扎实的编程基础；\n3.具有良好的算法和数据结构基础；\n4.熟练使用常见的开发工具，如VS、Eclipse等；\n5.具备较强的沟通协调能力和团队合作精神；"",""infos"":""1.设计、开发和维护高质量的C++应用程序;\n2.参与完成相关文档撰写工作；\n3.负责软件系统的性能优化和调试；\n4.参与项目需求分析和技术选型。""}","[""成都""]",毕业不限,5000,1,200,500,0,墨泊可士,不需要融资,100-499人,墨泊可士,上海市
154144,112129,C++,"{""requirements"":""任职要求\n1. 熟悉C/C++语言的常用特性；\n2. 熟悉Linux操作系统；\n3. 有常用的编译、构建系统的使用经验优先；\n4. 使用过git版本控制系统优先；\n5. 有开源项目的构建、使用经验优先；\n6.每周实习3天以上，可以长期实习半年左右\n\n公司坐标：清华东门\n\n福利待遇：\n● 清华学习资源\n● 团队年轻有活力\n● 零食点心下午茶\n● 实习薪资+实习证明"",""infos"":""学习掌握公司自研产品，协助应用方向测试研发。""}","[""北京""]",毕业不限,0,1,180,200,0,水木羽林,天使轮,20-99人,水木羽林,北京
251971,111668,C++图像开发实习生,"{""requirements"":""【任职要求】\n1、本科以上学历；\n2、扎实的c++、python编程功底；\n3、人工智能相关专业:大模型、多模态、视觉、文本等；\n4、熟悉常用设计模式，面向对象编程，熟悉OOA，OOD的方法。对软件架构知识有一定程度认识；\n5、熟悉linux，有x86/arm平台下开发经验；\n6、熟悉华为昇腾平台优先;\n7、有图像处理编程经验，cuda、tensorrt、opencv编程经验优先；\n8、吃苦耐劳，有较强的责任心，具有独立分析，解决问题的能力。"",""infos"":""【岗位职责】\n1、参与公司核心人工智能产品的研发工作；\n2、参与公司项目需求分析，设计与编码实现；\n""}","[""成都""]",毕业不限,6000,1,200,350,0,奥看信息,未融资,100-499人,奥看信息,南京市
13068,69921,c++开发实习生,"{""requirements"":""\n1. 计算机及相关专业毕业，热爱编程。\n2.熟练掌握常用的数据结构和算法，熟悉各种设计模式。\n3.熟练使用C/C++，对STL、MVVM等熟悉其原理。\n4.掌握至少一种开发环境，熟练掌握docker、shell、make、gcc、gdb、git。\n5.熟悉至少一种操作系统，熟悉文件系统，内存管理，网络IO，进程间RPC等基本原理。\n6.理解多线程编程基本原理，熟练掌握网络编程的基本模型和方法。\n7.工作积极主动，具有强烈的责任心，学习能力强，具备良好的团队合作精神。\n\n【符合以下条件者优先】\n1. 阅读过Linux Kenel代码，有驱动开发、Linux窗口系统（如Wayland）开发经验者优先。\n2. 熟悉Android AOSP框架的，有Framework层开发、Service开发经验者优先。\n3. 有实际项目的开发经验，有分布式大型系统架构和实现者优先，有设计和实现大负载高并发系统者优先。"",""infos"":""\n1.负责车载系统（Android/Linux/QNX）的HAL、Framework、Service的开发。\n2.根据需求完成软件的系统分析及设计，完成设计文档。\n3.根据设计文档完成代码的实现，调试，测试。\n""}","[""上海""]",毕业不限,6000,1,200,250,0,丕锐科技,未融资,20-99人,丕锐科技,上海市
2534,12967,C++软件开发工程师,"{""requirements"":""计算机科学与技术、软件工程等计算机类专业，985、211或双一流本科生/研究生，其他高校毕业生择优录取"",""infos"":""这是一个参与软件产品生命周期全过程的岗位，该岗位可以学习到最前沿的软件技术，包括但不限于：\n1、运用主流的前端技术，VUE、VC++的结合技术实现前端产品交互框架。\n2、运用微服务架构，内存数据库，分布式数据库系统、流计算、云计算、容器化部署等技术，实现金融行业领先的高性能大数据存储系统的设计、开发和维护，完成每秒百万笔行情数据存储、加工、转发。\n该岗位可以获得互联网“大厂”的能力锻炼，但是没有“996”工作制度。\n\n岗位薪酬体系：\n薪资14K~16k * 15个月\n薪资与工作能力挂钩，每半年进行一次评定\n*为技术水平突出的应届生提供6w卓越人才奖金。获得国家级竞赛名次的，奖金可升档。\n\n福利体系：\n我们为员工提供完善的福利，致力于解决员工的后顾之忧，让员工乐得其所。\n1、按照实际收入（含年终奖、补贴）全额缴纳六险一金；\n2、住房补贴保障2w~4w；\n3、公司提供免费早餐、免费晚餐；\n4、年假、病假、生日假、护理假等多项人性化带薪假期；\n5、年度体检、节假日礼品等完备的员工福利体系；\n6、海岛游、运动会、部门聚餐、节日茶歇等丰富团建活动；\n7、周末双休，法定节假日休息。""}","[""苏州""]",2026届,5000,2,14,16,15,文华财经,不需要融资,100-499人,文华财经,上海
896,33880,高性能计算（C++）实习生,"{""infos"":""岗位职责\n1、研究GPU、NPU、ARM、DSP等平台高性能计算技术。\n2、负责AI训练性能优化、云侧或端侧推理引擎实现和性能优化。\n"",""requirements"":""岗位要求\n1、计算机科学与技术专业, 本科及以上学历。\n2、有较好的C/C++编程能力，熟悉常用数据结构。\n3、热爱技术，喜欢挑战，具有较好的学习能力，可以快速学习前沿技术。\n4、有以下一项或多项技术能力者优先：\n1) 有GPU、NPU、ARM、或其他AI芯片等平台上应用开发优化经验。\n2) 有云侧或端侧推理引擎实现经验。\n3) 熟悉深度学习网络的计算过程，了解主流的深度学习框架。\n4) 熟悉TensorRT、MNN、NCNN、TVM、Mace、tflite等任一或多个开源推理框架。\n5) 熟悉汇编/intrinsic、cache/共享内存、Neon或异步等优化方法。"",""jobStrength"":null,""topSchool"":[""中山大学"",""门头沟学院"",""山东大学"",""西安交通大学"",""西安财经大学"",""中国科学院大学"",""燕山大学"",""天津大学""]}","[""北京""]",毕业不限,5000,1,250,400,0,网易有道,上市,10000人以上,网易有道,南昌，重庆，昆明，北京，上海，东莞
239,72447,嵌入式软件开发C/C++,"{""requirements"":""1、本科以上学历，专业不限；\n2、熟悉Java/Python/C/C++/Go/js等一种或多种编程语言；\n3、熟练软件开发流程，热爱编程，有良好的代码风格；\n4、善于沟通，有独立解决问题的能力。"",""jobStrength"":"""",""infos"":""\n把智慧大脑放进光终端盒子里，负责终端设计开发，给所有的家庭提供接入网络服务""}","[""武汉""]",毕业不限,5000,2,12,27,14,华为,不需要融资,10000人以上,华为,深圳
10727,110804,C++开发工程师,"{""requirements"":""1、1年以上软件开发经验，应届生也可接收\n2.熟悉C/C++语言编程；具备基本的算法和数据结构等编程基础\n3.熟悉windows平台基础开发知识，如多线程，内存管理，消息机制等；3、熟悉linux优先.思路清晰，学习能力强，思维活跃\n4.具备基本的算法或数据结构等编程基础优先"",""jobStrength"":"""",""infos"":""岗位职责：\n1.可以熟练使用c/c++ 开发语言，精通windows下多线程多进程开发；\n2.根据项目计划，在保质保量的前提下，按时完成开发任务；\n3.负责相关产品的功能模块设计，负责相关产品的功能模块设计；\n4.解决产品开发中发现的问题；\n5.负责产品文档的撰写；\n6.负责编写产品的核心代码；\n7.负责检查、维护数据库中的数据。""}","[""上海""]",毕业不限,5000,2,15,30,14,北京外企德科人力资源服务上海有限公司,未融资,1000-9999人,北京外企德科人力资源服务上海有限公司,上海
147413,37614,C++开发工程师,"{""infos"":""职责描述：\n负责高性能交易系统和低延迟系统开发\n\n"",""requirements"":""任职要求：\n1.       0-2年相关工作经验\n2.       211或985全日制本科计算机、EE专业毕业\n3.       熟悉C++特别是C++11的多线程程序开发\n4.       对构造低延迟高性能计算系统有兴趣\n5.       对一门以上脚本语言有了解（Python、Ruby、Lua或者Perl），不要求精通\n6.       对于基本算法和数据结构有深刻的理解"",""jobStrength"":null,""topSchool"":[""门头沟学院""]}","[""上海""]",毕业不限,5000,1,400,800,0,伯兄投资,不需要融资,20-99人,伯兄投资,上海
288661,103768,C++开发工程师（全职/实习）,"{""requirements"":""1.国内外重点高校计算机科学与技术专业的2026届和2027届应届毕业生；\n2.扎实的计算机基础知识，包括计算机网络、数据结构、算法和数据库等；\n3.深入理解计算机体系结构、操作系统、编译原理等；\n4.熟练掌握C++和至少一种其他编程语言；\n5.熟悉常用的项目管理工具git，熟悉Linux系统及常见命令，有良好的开发规范和工程习惯；\n6.热爱技术有很强的内驱力，良好的工程能力与团队协作精神。\n7.加分项:\n获得NOIIOI、ACM、Code Jam、ASC/SC/SC等竞赛优异成绩;\n有交易系统开发经验，熟悉主流机器学习推理框架和应用部署经验、熟悉GPU架构与优化技术;\n\n岗位性质：校招全职/转正实习/日常实习\n实习时长：每周线下实习4天及以上，实习时间3个月以上优先考虑；异地实习有租房补贴\n"",""infos"":""1.负责高性能、低延迟交易软件的开发设计、性能测试以及性能优化；\n2.负责相关产品的日常运维，参与产品规划，持续优化产品体验及性能;\n3.参与制定标准规范，流程改进及工具建设，为技术选型及技术改进提供解决方案。""}","[""杭州""]",毕业不限,5000,1,400,800,0,杭州未来光谱科技有限公司,不需要融资,20-99人,杭州未来光谱科技有限公司,杭州市
292815,112181,C++,"{""requirements"":""1、本科及以上学历，计算机、自动化相关专业；\n2、精通Linux C++开发，熟练掌握数据结构与算法和设计模式，能根据具体业务合理设计组件、类图等UML元素的优先考虑；\n3、有良好的编写代码习惯；\n4、具有良好的沟通能力和团队协作能力，具备较强的学习能力， 熟悉敏捷开发过程的优先。"",""infos"":""岗位介绍：\n该岗位为公司研发部重点培养岗位，将与算法部门紧密配合，将全球最领先的AI算法技术落地在独具创意、前所未见的创新硬件产品上。此职位将考验您强大的逻辑思考能力、业务理解能力与解决问题的能力。\n岗位职责：\n1、负责产品业务模块的设计与开发，参与搭建系统框架和核心模块的设计；\n2、配合算法完成产品系统的开发与调试；\n3、负责业务模块的部署与优化;\n4、参与技术攻关，解决技术问题。""}","[""佛山""]",毕业不限,0,2,15,35,14,OBSBOT寻影,未融资,20-99人,OBSBOT寻影,深圳市
2562,2286,校招-C++开发工程师,"{""requirements"":""1、本科以上学历，计算机软件或相关专业（可接受24届~26届校招生）；\n2、深入了解Linux/Unix，具有出色的数据结构和算法基础；\n3、精通C++，熟悉C++11, 熟练掌握STL，有良好的代码规范；\n4、了解Python或Shell；\n5、具备良好的团队协作意识，自我驱动，热爱学习，能够承受一定压力；\n6、逻辑性强、理解能力强、好奇心强、尽责心强，热爱软件工程，喜欢钻研新技术。\n\nNice to have：\n1、有过ACM类竞赛参加经历；\n2、有校园计算机相关学科助教经历；\n3、了解实时音视频技术（RTC）者优先，有相关实习者优先；"",""infos"":""岗位将根据简历实际情况在以下几个方向进行分配，部门筛选通过后我们将尽快与您电话联系安排面试。 \n\n1、云平台开发工程师（后端C++）；\n2、音视频SDK开发工程师（音视频C++开发）；\n3、实时AI应用开发工程师；\n""}","[""上海""]",毕业不限,5000,2,15,30,15,声网,上市,500-999人,声网,北京，上海，广州，杭州，深圳
249840,64148,C++（实习）,"{""requirements"":""任职要求：\n1.本科及以上学历，计算机、自动化等相关专业。\n2.熟练掌握C/C++编程语言，具有扎实的基础，同时具备VC++及QT开发能力。\n3.有较强的逻辑能力和数据处理能力，较优秀的学习能力。\n4.具有较强的代码分析、bug定位、解决问题的能力。\n5.有独立完成中型及以上自动化行业软件的开发经验，或为项目中的主要成员，对系统架构及面向对象编程有深入理解，能进行系统开发。"",""infos"":""岗位职责：\n1.根据新产品的需求，撰写需求分析、设计分析文档。\n2.公司新产品windows、Linux下的软件代码编写。\n3.根据客户需求，开发新产品、开发特殊功能。\n4.已有产品的维护和优化。\n\n""}","[""深圳""]",毕业不限,6000,1,300,500,0,正运动,未融资,20-99人,正运动,深圳市
768,71121,c++开发工程师,"{""infos"":""1、参与项目框架设计和代码结构设计\n2、编码实现基于特定算法的关键软件模块开发\n3、解决项目过程中的技术难题"",""requirements"":""1、熟练掌握C++语言编程特性，如类、继承、多态及模板等等，熟悉常用的数据结构和算法。\n2、熟练掌握STL，熟悉关系型数据库的常用操作。\n3、扎实的C/C++功底，熟悉Linux后台C/C++的程序架构设计与开发，熟悉至少一种C/C++性能调优工具的使用。\n4、有ACM经历或获奖者优先。"",""jobStrength"":""六险一金、公司班车、月度奖金""}","[""武汉""]",毕业不限,5000,2,13,26,14,4399游戏,不需要融资,1000-9999人,4399游戏,广州市
256865,112325,C++ / 图形开发实习生,"{""requirements"":""我们寻找具备扎实基础和强大学习能力的候选人：\n学历专业： 计算机科学、软件工程或相关专业在校生。\n编程核心： 熟练掌握C++语言，理解面向对象编程、内存管理和常见数据结构。\n图形学基础： 对计算机图形学有浓厚兴趣，了解实时渲染的基本原理（如坐标变换、光照、着色、渲染管线）。\n问题解决： 具备出色的逻辑分析和问题解决能力，对性能优化有好奇心。\n团队协作： 良好的沟通能力和团队合作精神。\n\n加分项\n如果你有以下任何一项经验，将会极具竞争力：\n项目经验： 有个人或团队的C++项目经验（不限于游戏，可以是图形应用、算法实现等）。\n图形API： 接触过任何图形API（如DirectX 11/12, Vulkan, OpenGL）或现代游戏引擎（如Unreal Engine）并有过实践。\n引擎理解： 了解游戏引擎的基础架构，如游戏循环、资源管理、场景图等。\n开发工具： 熟悉Git版本控制工具及基本的开发调试流程。"",""infos"":""作为团队的一员，你将深入到游戏或引擎开发的核心领域，参与实际功能的开发与优化。你的职责将包括：\n使用C++协助开发或优化底层系统模块。\n参与图形渲染功能的开发、调试与性能剖析，致力于提升画面的表现力与运行效率。\n协助实现功能，编写高效、安全的C++代码。\n使用图形调试工具分析与解决渲染问题。\n学习和研究业界先进的实时渲染技术与架构设计。""}","[""北京""]",毕业不限,5000,1,100,500,0,联想（北京）有限公司,未融资,1000-9999人,联想（北京）有限公司,北京市
272203,101568,C++开发工程师（校招）,"{""requirements"":""1.本科及以上学历；\n2.熟悉C++编程语言，具备扎实的编程基础；\n3.具有良好的算法和数据结构基础；\n4.熟练使用常见的开发工具，如VS、Eclipse等；\n5.具备较强的沟通协调能力和团队合作精神；"",""infos"":""1.设计、开发和维护高质量的C++应用程序;\n2.参与完成相关文档撰写工作；\n3.负责软件系统的性能优化和调试；\n4.参与项目需求分析和技术选型。""}","[""北京""]",毕业不限,5000,2,0,9999999,12,墨泊可士,不需要融资,100-499人,墨泊可士,上海市
781,112521,软件开发工程师-C/C++,"{""requirements"":""1、本科及以上学历，人工智能、计算机、软件工程、通信、电子、自动化等理工类相关专业；\n2、热爱研发与创新，拥有扎实的专业基础，掌握C/C++编程语言；\n3、对网络、通信、操作系统原理有一定理解，熟悉GO/Python/JS/Shell等脚本语言；\n4、英语四级425分以上；\n5、具有快速学习能力和团队合作精神，具备良好的沟通能力。"",""infos"":""1、从事嵌入式软件、系统软件、应用软件、云化软件的涉及和开发（工作业务领域涉及网络设备、无线、安全、SDN、云计算、虚拟化、大数据、服务器、存储等全系列产品）；\n2、参与从客户需求到软件产品定义、设计、开发、实现、上线运营维护等产品生命周期的开发。""}","[""北京""]",2026届,5000,2,0,9999999,12,新华三,不需要融资,10000人以上,新华三,杭州
665,83530,C++,"{""infos"":""团队介绍：\nAds Infra（广告系统架构）团队负责建设字节跳动商业化的基础架构和业务中台。Ads Infra 团队的工作职责包括：负责字节跳动中国地区和海外地区的广告投放系统、广告算法服务和深度学习能力的架构设计与实现；负责抖音、今日头条等各端上的广告业务中台系统研发；负责构建高并发、高性能、高可用的服务框架，设计和研发全球化、多数据中心的广告系统架构等。我们一端连接全球广告主的营销需求，一端承载字节跳动中国和海外产品（抖音、今日头条等）、媒体合作伙伴（穿山甲）的海量流量，依托全球领先的计算广告技术和深度学习能力，精准匹配广告与用户需求，让营销更高效、更智能、更可持续。\n\n职责描述：\n1、负责字节跳动广告算法核心服务的架构设计与实现，包括召回、点击/转化率预估、创意和样式优选、广告和内容混合排序等；\n2、为字节跳动的广告算法建设深度学习能力，包括流式样本生成、深度模型实时训练、深度模型在线推理服务、深度模型召回服务等；\n3、构建高性能、高可用的服务框架，承载高吞吐、低延迟的广告系统架构需求。"",""requirements"":""1、本科及以上学历，计算机、软件工程等相关专业，具备扎实的计算机基础；\n2、熟悉 C++/Golang/Java 中的至少一门编程语言，具备3年及以上中大型生产项目开发经验；\n3、熟悉 Linux 操作系统和开发环境，有良好的数据结构、算法基础和系统设计能力；\n4、善于沟通，工作积极主动，责任心强，具备良好的团队协作能力；\n5、具备互联网广告系统、搜索引擎、个性化推荐系统开发经验者优先；\n6、熟悉至少一种主流深度学习框架或大数据框架者优先。"",""jobStrength"":""1.周末双休，上班不打卡全凭自觉；\n2.公司20分钟租房每个月1000-1500房补；\n3.免费3餐，贴心，有食堂，不限量零食，水果，咖啡，饮料；\n4. 7-15天年假，每年12天带薪病假，10天家庭关爱假；\n5.全额五险一金，年度体检，补充医疗，意外险，关心你的健康；\n6.3-6个月年终奖，让你香到不行\n7.羽毛球，足球，篮球，瑜伽，桌游等等超级俱乐部，工作之余培养更多爱好；\n8.签约按摩师以及豪华按摩椅，为你双重养护；\n9.免费健身房，随时可以锻炼身体；\n""}","[""北京""]",毕业不限,0,2,4,6,15,字节跳动,D轮及以上,10000人以上,字节跳动,北京市
148773,82663,C++开发工程师（实习）,"{""requirements"":""任职要求：校招/实习同时都在进行\n\n1、 国内外重点高校理工科本科或以上在读学子，计算机专业优先 \n\n2、 有C++/C开发经验，熟悉常用并发数据结构和算法 \n\n3、 对多核体系结构、多线程开发、TCP/IP网络协议等有强烈兴趣 \n\n4、 做事踏实细心，认真自律，责任心强，乐于学习新的技术，有良好的团队合作精神"",""infos"":""岗位职责：\n\n1、 在高级工程师指导下，实现和维护各类交易及数据接口 \n\n2、 高效处理海量结构化和非结构化数据 \n\n3、 提供其他各类相关的工作支持""}","[""上海""]",毕业不限,5000,1,400,800,0,玄信资产,不需要融资,20-99人,玄信资产,上海
931,66635,C++,"{""infos"":""方寸之间，大有可为~\n你就是蚂蚁未来的优秀的区块链开发工程师，\n在蚂蚁，你可能日常需参与区块链核心系统的架构设计和研发工作，包括但不限于：\n区块链存储系统研发：参与设计、开发和优化各类区块链存储系统，分布式存储系统、高性能单机数据存储引擎，冷数据存储服务、数据压缩、数据传输服务等，提升系统高可靠、高可用性以及开发友好性；\n密码算法与应用开发：参与零知识证明理论、外包计算、MPC，以及密码关键计算的代数优化实现；\n可信计算环境和硬件研发：参与基于可信计算环境和硬件加速器相关的软件技术开发；\n\n"",""requirements"":""必须具备的：\n热爱代码，追求高品质代码，对工程质量有深刻认识；\n眼界开阔，对新技术、新硬件保持敏感性，了解各大云平台存储产品与服务；\n精通C/C++，Java等编程语言,熟悉常用的算法和数据结构，熟悉网络编程，多线程编程，熟悉数据库基本原理；\n重视线上客户体验，重视自动化系统建设，重视工程质量，有良好代码review与测试意识；\n学习能力强，对新事物保有好奇心，并能快速适应新环境；\n良好的沟通能力和团队协同能力，能与他人合作，共同完成目标；\n对所在领域有热情，相信方法总比困难多，善于独立思考并反思总结。\n\n可以加分的：\n熟悉开源的区块链平台软件（Bitcoin/Ethereum/EOS/Polkadot/cosmos/solana等），理解其运行原理和数据模型；\n项目经验丰富，高并发网络编程经验、软件安全加固经验、分布式软件编程经验；\n在Github等开源社区具备有较大影响力的技术项目，作为Collaborator/Committer/Member优先；\n作为重要角色参与领域内有含金量的比赛并取得成绩（比如ACM）；\n发表顶刊顶会（参考CCF-A），担当一作/并列/二作；\n获得过业界有影响力的专利。""}","[""上海""]",毕业不限,5000,1,0,9999999,0,蚂蚁集团,D轮及以上,10000人以上,蚂蚁集团,杭州、上海、北京、深圳、重庆、新加坡等
288661,103768,C++开发工程师,"{""requirements"":""1.国内外重点高校计算机科学与技术专业的2026届和2027届应届毕业生；\n2.扎实的计算机基础知识，包括计算机网络、数据结构、算法和数据库等；\n3.深入理解计算机体系结构、操作系统、编译原理等；\n4.熟练掌握C++和至少一种其他编程语言；\n5.熟悉常用的项目管理工具git，熟悉Linux系统及常见命令，有良好的开发规范和工程习惯；\n6.热爱技术有很强的内驱力，良好的工程能力与团队协作精神。\n7.加分项:\n获得NOIIOI、ACM、Code Jam、ASC/SC/SC等竞赛优异成绩;\n有交易系统开发经验，熟悉主流机器学习推理框架和应用部署经验、熟悉GPU架构与优化技术;"",""infos"":""从数据挖掘系统到程序化交易平台，从高性能计算集群到高速交易服务器，从风险控制系统到交易监控系统，我们利用大量的信息技术和设施为研究和交易提供支撑。\n\n1.负责高性能、低延迟交易软件的开发设计、性能测试以及性能优化；\n2.负责相关产品的日常运维，参与产品规划，持续优化产品体验及性能;\n3.参与制定标准规范，流程改进及工具建设，为技术选型及技术改进提供解决方案。""}","[""杭州""]",2026届,6000,2,25,40,12,杭州未来光谱科技有限公司,不需要融资,20-99人,杭州未来光谱科技有限公司,杭州市
13255,20475,C++/JAVA/前端开发,"{""requirements"":""计算机相关专业2026届应届硕士，优秀者放宽至本科。\n工作地点：海南"",""infos"":""C++/JAVA/前端开发，航天类项目""}","[""海口""]",2026届,6000,2,0,9999999,12,中电（海南）联合创新研究院有限公司,不需要融资,100-499人,中电（海南）联合创新研究院有限公司,海南
21910,110180,C++（实习）,"{""requirements"":""岗位要求:\n1、硕士及以上学历，有过软件开发工作经验；\n2、熟悉掌握C++语言开发;\n3、熟悉OOP、设计模式、版本管理、测试驱动开发，熟悉大型软件构建、协作、测试、发布流程;\n4、具备良好的数据结构和算法理论基础，理解算法复杂度、搜索、动态规划等概念。"",""infos"":""职责内容：\n1、参与机器人调度算法软件的开发（设计、编码、测试等）;\n2、负责维护现有软件的调试、优化和技术支持工作;\n3、负责所参与开发软件的（中文/英文）文档编写工作;\n4、提供软件交付后的技术支持工作。\n""}","[""深圳""]",2025届,6000,1,160,300,12,未来机器人（深圳）有限公司,A轮,500-999人,未来机器人（深圳）有限公司,深圳
27771,111529,C++,"{""requirements"":""1、计算机、软件、通信等相关专业；\n2、热爱编程，基础扎实，熟悉掌握但不限于JAVA/C++/C/Python/JS/HTML/GO/Rust等编程语言中的一种或数种，有良好的编程习惯；\n3、具备独立工作能力和解决问题的能力，善于沟通，乐于合作，热衷新技术，善于总结分享，喜欢动手实践；\n4、对数据结构、算法有一定了解；\n5、优选条件：\n1）熟悉TCP/IP协议及互联网常见应用和协议的原理；\n2）有IT应用软件、互联网软件、IOS/安卓等相关产品开发经验，不满足于课堂所学，在校期间积极参加校内外软件编程大赛或积极参于编程开源社区组织；\n3）熟悉JS/AS/AJAX/HTML5/CSS等前端开发技术。"",""infos"":""1、负责产品/平台的软件需求分析、架构设计、代码开发、单元测试、集成测试、静态检查、本地构成、测试环境搭建、问题定位、资料开发等工作；\n2、负责相关系统/模块的代码看护及重构，持续优化提升代码质量；\n3、负责后端故障诊断和项目支持技术活动，包括产品维护、疑难问题解决、重大项目支撑等。""}","[""广州""]",毕业不限,0,2,20,40,12,华为云,不需要融资,10000人以上,华为云,南京、深圳、成都、北京、上海
710,74007,C++竞赛教练,"{""requirements"":""【任职资格】\n1、获奖经历：noip省一及以上、或ACM的奖项（ACM区域赛银牌及以上，noip一等奖及以上）；\n2、本科及以上学历，应届/往届生都可，计算机相关专业优先；\n3、沟通表达流畅，有较强的责任心和亲和力；\n4、有面授及相关教学经验者优先；\n5、热爱教育事业，有竞赛辅导经验优先。"",""infos"":""【岗位职责】\n1、负责素养类课程线下小班/在线小班授课，负责课程设计和管理；\n2、定期参加教师培训及教学研讨活动，提升自身学术素养及授课质量；\n3、跟进学生学习情况，提供合理可实施的个性化方案帮助学生能力提升；\n4、负责素养类课程的产品运营相关工作，包括招生渠道运营及活动策划、直播、讲座等工作。""}","[""上海""]",毕业不限,5000,2,20,25,12,好未来,上市,10000人以上,好未来,北京
768,71121,C++开发工程师,"{""infos"":""1、参与项目框架设计和代码结构设计\n2、编码实现基于特定算法的关键软件模块开发\n3、解决项目过程中的技术难题"",""requirements"":""1、熟练掌握C++语言编程特性，如类、继承、多态及模板等等，熟悉常用的数据结构和算法。\n2、熟练掌握STL，熟悉关系型数据库（如Oracle、Mysql等）常用操作。\n3、扎实的C/C++功底，熟悉Linux后台C/C++的程序架构设计与开发，熟悉至少一种C/C++性能调优工具的使用。\n4、有ACM经历或获奖者优先。"",""jobStrength"":""""}","[""深圳""]",毕业不限,5000,2,15,25,14,4399游戏,不需要融资,1000-9999人,4399游戏,广州市
289636,104509,C++,"{""requirements"":""1、熟练运用Rust语言进行数据等处理工作；\n2、熟练使用C、C++；\n3、了解基本多因子分析框架， 熟练掌握数理统计、时间序列、机器学习相关知识；\n4、计算机/数学/物理/统计/金融相关专业；\n5、本科、在读研究生学历，有同行业经验者优先。"",""jobStrength"":"""",""infos"":""\n1、参与回测系统和交易平台的设计开发，负责量化交易系统稳定运行；\n2、参与高频交易系统的研发、交易和优化，算法交易策略的研究下单；\n3、参与数据系统平台的开发和优化；\n4、整理、清洗股票高频level2数据；\n5、根据个人特长可涉及交易策略实现。\n""}","[""武汉""]",毕业不限,0,2,0,9999999,12,嘉量私募,未融资,20-99人,嘉量私募,武汉市
942,112455,C++,"{""requirements"":""任职资格及要求（包括专业技能、证书、个性等）：\n1. 本科及以上学历，计算机、人工智能、数学或相关专业；\n2. 熟练掌握 C++11/14/17，理解面向对象、泛型编程及并发模型；\n3. 具备扎实的计算机基础：操作系统、网络、数据结构与算法（笔试考察重点）；\n4. 主动性强，具备优秀的技术沟通与逻辑表达能力；\n5. 熟悉自然语言处理/AIGC等相关领域的知识与技能，强烈希望参与到这一轮技术变革中；\n6. 熟悉Prompt工程，有使用Gemini，Copilot，Claude Code等工具进行编程的实践经验者优先。"",""infos"":""1、参与千万日活、毫秒级响应时延、支持海量行情数据的行情核心服务系统开发，覆盖沪深、港美、期货及全球40+交易市场的业务。\n2、参与多端融合创新型应用的研发工作，利用内外部预训练语言大模型，结合Prompt工程、LangChain等关键技术，实现多端统一。\n3、参与行情技术迭代，使用GPU进行相关需求开发，运用CUDA极大提升计算效率，突破传统生产力局限，显著提高开发效率。\n4、参与行情SRE建设，了解业界领先的金融监控体系、预警能力及排障预案落地等相关工作，提升云上业务稳定性。""}","[""杭州""]",毕业不限,6000,1,200,310,0,同花顺,上市,1000-9999人,同花顺,杭州市
295932,110125,C++,"{""requirements"":""教育背景：本科及以上学历，计算机科学与技术、软件工程、信息与计算科学等相关专业。​\n技术能力：熟悉至少一种编程语言，如 Java、Python、C++ 等；了解数据库基础知识，掌握 SQL 语言；具备一定的算法和数据结构基础；有 Web 开发经验（如前端 HTML、CSS、JavaScript，后端框架 Spring Boot 等）者优先。​\n其他要求：具备良好的学习能力和团队协作精神，有较强的责任心和问题解决能力；\n有项目开发经验优先。"",""infos"":""参与软件项目的设计与开发，负责部分功能模块的编码实现，确保代码质量与性能。\n​\n协助进行软件测试工作，包括编写测试用例、执行测试，及时发现并解决软件中的问题。​\n参与软件系统的维护与优化，对现有功能进行改进，提升用户体验。​\n\n参与需求分析、技术讨论等，确保项目顺利推进，并撰写相关技术文档。​""}","[""北京""]",毕业不限,5000,2,0,9999999,0,未动昆智,未融资,20-99人,未动昆智,北京市
889,79508,c++开发工程师,"{""infos"":""1、参与项目框架设计和代码结构设计\n2、编码实现基于特定算法的关键软件模块开发\n3、解决项目过程中的技术难题"",""requirements"":""1、熟练掌握C++语言编程特性，如类、继承、多态及模板等等，熟悉常用的数据结构和算法。\n2、熟练掌握STL，熟悉关系型数据库的常用操作。\n3、扎实的C/C++功底，熟悉Linux后台C/C++的程序架构设计与开发，熟悉至少一种C/C++性能调优工具的使用。\n4、有ACM经历或获奖者优先。"",""jobStrength"":""六险一金、公司班车、月度奖金""}","[""武汉""]",毕业不限,5000,2,20,35,16,vivo,不需要融资,10000人以上,vivo,东莞/北京/深圳/上海/南京/杭州/西安
3186,40712,C++研发工程师,"{""infos"":""1、从开发角度参与需求调研及分析；\n2、独立负责CAD平台子模块的开发设计和编码工作；\n2、根据项目管理流程及文档规范撰写和维护需求分析说明书、概要设计、详细设计等相关技术文档；\n3、参与开发过程中的技术预研，解决产品开发过程中的关键技术问题。"",""requirements"":""1、本科以上学历，计算机科学与技术、软件工程、机械工程及自动化、计算数学、应用数学及相关专业，具有3年以上C++软件项目开发经验；\n2、有大型软件产品/系统开发经验者优先，具备一定的项目规划能力，对代码执行效率、性能优化、数据缓存等有一定经验；\n3、熟悉Visual Studio/MFC/QT/STL/OpenGL等开发工具和知识，掌握相关的设计、编码及调试方法和技巧；\n4、深刻理解面向对象思想及方法，具有良好的编程风格及习惯，良好的抽象思维及逻辑规划能力；\n5、较强的沟通能力、责任心及团队协作能力。\n\n具备下列条件之一者优先考虑：\n1、熟悉CAD平台开发或二次开发；\n2、熟悉Windows、Linux跨平台开发技术。"",""jobStrength"":""公司有自主研发核心技术，且研发投入高，重视研发。"",""topSchool"":[""Arizona State University"",""华中科技大学""]}","[""武汉""]",毕业不限,5000,2,13,25,15,中望软件,不需要融资,1000-9999人,中望软件,广州，武汉，西安，上海，北京
291549,112245,开发工程师C++（实习）,"{""requirements"":""1、统招本科及以上学历（985/211优先），计算机相关专业，1年以上开发经验，优秀应届生也可（需要笔试-40分钟）\n2、熟练掌握C++ 等任意一门编程语言，熟悉常用的数据结构与算法；有较强的逻辑思维能力，具备快速学习能力\n（注：实习可转正）"",""infos"":""1、负责游戏功能的开发；\n2、与团队中其他成员合作，设计和实现新产品和功能；\n3、对于开发难点进行攻关并提出相应的解决方案；\n4、在项目开发过程中，优化开发流程，提高开发效率。""}","[""北京""]",毕业不限,5000,1,250,350,0,万游网络,未融资,20-99人,万游网络,北京市
21910,110180,C++,"{""requirements"":""岗位要求:\n1、硕士及以上学历，有过软件开发工作经验；\n2、熟悉掌握C++语言开发;\n3、熟悉OOP、设计模式、版本管理、测试驱动开发，熟悉大型软件构建、协作、测试、发布流程;\n4、具备良好的数据结构和算法理论基础，理解算法复杂度、搜索、动态规划等概念。"",""infos"":""职责内容：\n1、参与机器人调度算法软件的开发（设计、编码、测试等）;\n2、负责维护现有软件的调试、优化和技术支持工作;\n3、负责所参与开发软件的（中文/英文）文档编写工作;\n4、提供软件交付后的技术支持工作。\n""}","[""深圳""]",毕业不限,6000,2,20,25,12,未来机器人（深圳）有限公司,A轮,500-999人,未来机器人（深圳）有限公司,深圳
27771,111710,C++,"{""requirements"":""26届毕业生 有意投入AI开发"",""infos"":""AI软件开发 AI框架 模型训练推理""}","[""南京""]",2026届,5000,2,20,35,16,华为云,不需要融资,10000人以上,华为云,南京、深圳、成都、北京、上海
710,74007,C++竞赛教练（实习）,"{""requirements"":""【任职资格】\n1、获奖经历：noip省一及以上、或ACM的奖项（ACM区域赛银牌及以上，noip一等奖及以上）；\n2、本科及以上学历，应届/往届生都可，计算机相关专业优先；\n3、沟通表达流畅，有较强的责任心和亲和力；\n4、有面授及相关教学经验者优先；\n5、热爱教育事业，有竞赛辅导经验优先。"",""infos"":""【岗位职责】\n1、负责素养类课程线下小班/在线小班授课，负责课程设计和管理；\n2、定期参加教师培训及教学研讨活动，提升自身学术素养及授课质量；\n3、跟进学生学习情况，提供合理可实施的个性化方案帮助学生能力提升；\n4、负责素养类课程的产品运营相关工作，包括招生渠道运营及活动策划、直播、讲座等工作。""}","[""上海""]",毕业不限,5000,1,200,210,0,好未来,上市,10000人以上,好未来,北京
21901,38838,C++开发,"{""infos"":""方向一： Linux/ARM 嵌入式视频流开发\n【岗位职责】\n1、负责芯片上层软件架构设计，智能硬件生态建设\n2、V4L2视频处理，编解码，算法移植, 视频实时性等相关开发\n3、开发维护智能硬件产品嵌入式软件\n【岗位要求】\n1、计算机相关专业优先\n2、精通Linux环境编程\n3、精通C/C++语言，有良好的编程风格，熟悉常用的数据结构及算法\n4、掌握 Buildroot 和 Cmake 有编译系统开发经验\n---------------------------------------------------------------------------------------------------\n方向二： Linux/ARM 嵌入式开发\n【岗位职责】\n1、负责芯片上层软件架构设计，智能硬件生态建设\n2、开发维护智能硬件产品嵌入式软件\n【岗位要求】\n1、计算机相关专业优先精通Linux环境编程\n2、精通C/C++语言，有良好的编程风格，熟悉常用的数据结构及算法\n3、熟练掌握 Shell 脚本编程\n4、具有丰富的编译系统开发经验，熟练掌握 Buildroot 和 Cmake\n5、了解熟悉底层软件的设计与实现\n6、有海思系列芯片或MTK、瑞芯微等芯片平台开发经历加分\n---------------------------------------------------------------------------------------------------\n方向三： 音频算法工程师\n【岗位职责】\n1、负责语音音频算法开发\n2、ALSA音频处理，编解码，算法移植, 音频实时性，性能优化等相关开发\n【岗位要求】\n1、精通C/C++语言，有良好的编程风格，熟悉常用的数据结构及算法\n2、精通Matlab or Python对算法实现作预研和评估\n3、精通数字信号处理方法和DSP软件实现\n4、计算机相关专业优先"",""requirements"":""23届同学需要先实习"",""jobStrength"":"""",""topSchool"":[""西安交通大学""]}","[""杭州""]",毕业不限,5000,2,15,25,14,杭州昼光科技,A轮,100-499人,杭州昼光科技,杭州
4579,102105,C++开发兼职,"{""requirements"":""技术核心\n熟悉掌握C++\n3.加分项\n了解shader渲染"",""jobStrength"":""远程办公时间自由"",""infos"":""根据需求文档给到的内容实现功能的运行\n分析填色游戏的实现方式和代码结构，并输出一份具体文档""}","[""北京""]",毕业不限,0,2,10,20,12,红海无限,不需要融资,100-499人,红海无限,北京
13937,95095,量化开发实习生C++,"{""requirements"":""岗位要求：\n1、熟练使用Linux终端的常用命令和工具，熟练搭建符合自身偏好的Linux C++开发环境；\n2、熟练掌握C++编程、编译、STL底层原理，以及std11/14/17/20版本中的常用特性；需要有C++11~17版本为主的Linux开发经验；\n3、熟悉常用的数据结构与算法、计算机组成原理。\n\n加分项：\n1、了解Linux操作系统原理；\n2、了解C++多线程开发；\n3、在互联网大厂有总计半年以上的实习经历。"",""infos"":""工作内容：\n参与量化交易投研中最核心部分的开发，帮助研究员的策略快速落地和迭代。\n""}","[""上海""]",毕业不限,5000,1,400,600,0,宁波灵均投资北京朝阳分部,未融资,100-499人,宁波灵均投资北京朝阳分部,北京
2534,12967,C++软件开发工程师,"{""requirements"":""计算机科学与技术、软件工程等计算机类专业，985或双一流本科生/研究生，其他高校毕业生择优录取"",""infos"":""这是一个参与软件产品生命周期全过程的岗位，该岗位可以学习到最前沿的软件技术，包括但不限于：\n1、运用主流的前端技术，VUE、VC++的结合技术实现前端产品交互框架。\n2、运用微服务架构，内存数据库，分布式数据库系统、流计算、云计算、容器化部署等技术，实现金融行业领先的高性能大数据存储系统的设计、开发和维护，完成每秒百万笔行情数据存储、加工、转发。\n该岗位可以获得互联网“大厂”的能力锻炼，但是没有“996”工作制度。\n\n岗位薪酬体系：\n大连薪资12K~14k * 15个月\n薪资与工作能力挂钩，每半年进行一次评定\n*为技术水平突出的应届生提供6w卓越人才奖金。获得国家级竞赛名次的，奖金可升档。\n\n福利体系：\n我们为员工提供完善的福利，致力于解决员工的后顾之忧，让员工乐得其所。\n1、按照实际收入（含年终奖、补贴）全额缴纳六险二金；\n2、为应届生提供住房补贴保障2w~4w；\n3、公司提供免费早餐、免费晚餐；\n4、年假、病假、生日假、护理假等多项人性化带薪假期；\n5、年度体检、节假日礼品等完备的员工福利体系；\n6、海岛游、运动会、部门聚餐、节日茶歇等丰富团建活动；\n7、周末双休，法定节假日休息。""}","[""大连""]",2026届,5000,2,12,14,12,文华财经,不需要融资,100-499人,文华财经,上海
7320,54283,C++游戏服务器,"{""requirements"":""任职资格\n1、本科以上学历，1年游戏开发工作经验；\n2、熟练掌握C++、Lua等编程语言，了解网络、线程、IO等操作系统知识；\n3、热爱编程，拥有良好的代码编写能力和业务实现能力；\n4、热爱游戏，善于思考，良好的沟通协作能力；\n5、熟悉游戏开发流程，经历过项目完整的生命周期（开发、测试、上线运营、版本迭代）。"",""jobStrength"":"""",""infos"":""工作职责\n1、负责游戏服务器系统开发；\n2、负责自己所编写模块的单元测试工作；\n3、程序性能的优化等。\n""}","[""深圳""]",毕业不限,5000,2,13,23,12,冰川网络,上市,1000-9999人,冰川网络,深圳
239,22409,人工智能高级工程师（C++）,"{""infos"":""1.负责人工智能相关算法的库封装和接口封装\n2.负责相关算法的工程优化\n3.负责开发和优化人工智能相关算法CUDA算子\n4.负责人工智能原型系统的后台设计"",""requirements"":""1.具备3年以上C++后台开发经验\n2.具备1年以上CUDA并行计算开发经验\n3.拥有扎实的数据结构和算法基础\n4.熟练掌握面向对象等设计思想\n5.拥有良好的软件工程思维和系统设计能力\n6.拥有一定的深度学习基础，独立编写、训练和调试过模型\n7.了解卷积实现者优先考虑\n8.了解Transformer模型者优先考虑"",""jobStrength"":"""",""topSchool"":[""门头沟学院"",""电子科技大学"",""哈尔滨工业大学"",""长江大学工程技术学院"",""东北大学"",""内蒙古工业大学""]}","[""深圳"", ""杭州"", ""北京"", ""上海"", ""南京"", ""成都"", ""武汉"", ""西安"", ""长沙""]",毕业不限,5000,2,20,40,14,华为,不需要融资,10000人以上,华为,深圳
1742,110652,C++,"{""requirements"":""毕业于2025.11-2026.10\n有兴趣从事C++基础开发"",""infos"":""1. 以日均吞吐 PB 级数据、服务整个阿里云体量的核心业务系统为设计目标，参与高性能可观测数据采集，大规模流计算系统、时序存储、巡检调度系统、监控数据分析、预警平台和智能诊断中心的设计与研发工作。 \n2. 深入阿里云产品、应用虚拟机，容器调度系统、中间件系统内部，打造低功耗、高性能与精准剖析能力的监控探针产品。 \n3. 参与 Spring Cloud、Kubernetes、Dubbo、Prometheus、Grafana、OpenTelemetry、ChaosBlade、LoongCollector 等知名开源软件的建设中，不仅仅是学会使用，而是与社区紧密互动并参与其中。\n4. 除了专注于技术本身外，你也有机会参与到客户交流、产品体验、交互设计和市场分析过程中来，深度参与一个商业化软件的整个生命周期过程。 \n5. 如果你有志于成为一名全栈工程师，可以加入我们共建新一代数据可视化系统，以及参与到移动端用户体验监控软件的建设当中。 \n任职条件：\n1. 熟悉 Java、Golang、 C++、Python 至少一⻔语言。\n2. 有良好的计算机基础，基本功扎实：熟悉常用的算法、数据结构，熟悉操作系统、网络等基础知识。\n3. 加分项(任一即可)：\n4. 有参与过开源技术项目经验，或有大赛获奖经验，或有优秀论文发表者。\n5. 熟悉微服务领域相关技术或产品，如 gRPC，Dubbo，Spring Cloud，RocketMQ等。\n6. 熟悉容器相关技术或产品，如 Docker, Kubernetes, Istio/Envoy 等。\n7. 熟悉监控领域相关技术或产品，如 Prometheus，Grafana，Zipkin，OpenTelemetry，Zabbix，LoongCollector 等。\n8. 熟悉数据处理相关技术或产品，如 Flink，Spark，HBase，ElasticSearch 等。\n9. 熟悉机器学习技术，有相关实战经验。""}","[""杭州""]",毕业不限,0,2,0,9999999,12,阿里云,上市,10000人以上,阿里云,杭州
10727,62864,Java/python/C/C++测试/数据开发,"{""infos"":""1、学信网可查统招本科及以上学历；1年左右工作经验，优秀者可适当放宽。\n2、热爱编程，基础扎实，熟悉掌握但不限于JAVA/C++/C/JS/Android等编程语言中的一种或数种，有良好的编程习惯；\n3、具备独立工作能力和解决问题的能力、善于沟通，乐于合作，热衷新技术，善于总结分享，喜欢动手实践\n"",""requirements"":""业务方向：目前华为各产品线均有需求，业务方向丰富，涉及Java、python、C/C++、Android等语言开发、前端、测试、数据分析、数据开发、算法等岗位\n\n线上面试：面试需要提前准备最新的简历和《教育部学籍在线验证报告》，主要包含一轮线上的代码笔试和两轮线上的视频技术面试。\n工作时间：每天早上9点上班，12点-2点午休两个小时；周一、周二、周四晚上6点吃完饭会工作到8:30下班，会提供免费的夜宵和班车，周三和周五晚上6点准时下班；平时周末是双休，月末最后一个周六会上班有加班费。"",""jobStrength"":""福利： 入职全额缴纳五险一金 试用期不打折 有班车和食堂 独立办公园区""}","[""杭州""]",毕业不限,5000,2,15,35,12,北京外企德科人力资源服务上海有限公司,未融资,1000-9999人,北京外企德科人力资源服务上海有限公司,上海
14409,30439,c++开发工程师,"{""infos"":""1.参与设计并优化高效的量化交易系统，涉及股票、期货及期权等品种；\n\n2.协助设计并实现高性能计算库、低延迟通讯库及底层基础数据结构包等；\n\n3.参与数据系统平台的开发和优化；\n\n4.完成领导布置的其他各项任务。\n"",""requirements"":""1.国内外知名院校本科及以上学历，计算机、软件工程等相关专业；\n\n2.熟练掌握C++及Python，熟悉常用的数据结构和算法；\n\n3.熟悉Linux开发环境下C++开发调试和测试技术；\n\n4.熟悉网络协议并分析定位问题，熟悉Socket和TCP/IP开发；\n\n5.对技术和软件开发充满热情，严谨的开发思维、注重细节"",""jobStrength"":""""}","[""上海""]",毕业不限,5000,2,35,60,15,深圳市言羽科技有限公司,未融资,20-99人,深圳市言羽科技有限公司,深圳
